"","iso2c","year","country","reg_4state","disproportionality","FertilizerConsumption"
"43","AE",2002,"United Arab Emirates",3,NA,672.266666666667
"44","AE",2003,"United Arab Emirates",3,NA,939.375
"45","AE",2004,"United Arab Emirates",3,NA,487.8125
"46","AE",2005,"United Arab Emirates",3,NA,232.203125
"63","AF",2002,"Afghanistan",1,NA,3.40336025006512
"64","AF",2003,"Afghanistan",1,NA,3.27509006690685
"65","AF",2004,"Afghanistan",1,NA,4.53556806550665
"66","AF",2005,"Afghanistan",1,NA,4.24035874439462
"95","AL",2002,"Albania",1,NA,97.1851211072664
"96","AL",2003,"Albania",1,NA,98.9325259515571
"97","AL",2004,"Albania",1,NA,100.598615916955
"98","AL",2005,"Albania",1,30.21,111.596654275093
"128","AR",2002,"Argentina",4,NA,29.9469586547691
"129","AR",2003,"Argentina",4,NA,41.39
"130","AR",2004,"Argentina",4,NA,46.4796
"131","AR",2005,"Argentina",4,4.99,40.5947457627119
"164","AT",2002,"Austria",3,1.33,234.023826714801
"165","AT",2003,"Austria",3,NA,295.645277577505
"166","AT",2004,"Austria",3,NA,130.707792207792
"167","AT",2005,"Austria",3,NA,135.099495313627
"202","AU",2002,"Australia",2,NA,47.5595723759911
"203","AU",2003,"Australia",2,NA,47.8571428571429
"204","AU",2004,"Australia",2,8.6,50.7236662966299
"205","AU",2005,"Australia",2,NA,44.8382656572608
"240","BB",2002,"Barbados",4,NA,40.125
"241","BB",2003,"Barbados",4,20.81,69.75
"242","BB",2004,"Barbados",4,NA,174.0625
"243","BB",2005,"Barbados",4,NA,88.625
"261","BD",2002,"Bangladesh",1,NA,187.72928976245
"262","BD",2003,"Bangladesh",1,NA,159.68466941148
"263","BD",2004,"Bangladesh",1,NA,169.010944910617
"264","BD",2005,"Bangladesh",1,NA,197.250031521876
"321","BG",2002,"Bulgaria",1,NA,113.768405365127
"322","BG",2003,"Bulgaria",4,NA,147.327414986458
"323","BG",2004,"Bulgaria",4,NA,80.8517959553275
"324","BG",2005,"Bulgaria",4,3.97,74.2319571383549
"342","BH",2002,"Bahrain",1,NA,8964.5
"343","BH",2003,"Bahrain",1,NA,176
"345","BH",2005,"Bahrain",1,NA,4360
"381","BN",2002,"Brunei Darussalam",1,NA,336
"382","BN",2003,"Brunei Darussalam",1,NA,102
"383","BN",2004,"Brunei Darussalam",1,NA,151.5
"384","BN",2005,"Brunei Darussalam",1,NA,308.5
"411","BR",2002,"Brazil",1,5.68,125.756260575296
"412","BR",2003,"Brazil",1,NA,164.617006688963
"413","BR",2004,"Brazil",1,NA,170.474115702479
"414","BR",2005,"Brazil",1,NA,136.160327868852
"501","CA",2002,"Canada",2,NA,57.6289063354255
"502","CA",2003,"Canada",2,NA,58.9276106466548
"503","CA",2004,"Canada",2,9.81,54.631571994716
"504","CA",2005,"Canada",2,NA,61.8212786638979
"545","CH",2002,"Switzerland",2,NA,195.870415647922
"546","CH",2003,"Switzerland",2,2.47,203.820197044335
"547","CH",2004,"Switzerland",2,NA,215.642156862745
"548","CH",2005,"Switzerland",2,NA,226.958333333333
"579","CL",2002,"Chile",2,NA,307.773333333333
"580","CL",2003,"Chile",2,NA,330.142666666667
"581","CL",2004,"Chile",2,NA,491.352666666667
"582","CL",2005,"Chile",2,6.79,434.761379310345
"604","CN",2002,"China",1,NA,373.087159048868
"605","CN",2003,"China",1,NA,370.273040526641
"606","CN",2004,"China",2,NA,331.234702897365
"607","CN",2005,"China",2,NA,408.498990257463
"635","CO",2002,"Colombia",2,3.98,309.002261420172
"636","CO",2003,"Colombia",2,NA,324.809628975265
"637","CO",2004,"Colombia",2,NA,320.96291331546
"638","CO",2005,"Colombia",3,NA,445.133267522211
"693","CY",2002,"Cyprus",2,NA,159.65
"694","CY",2003,"Cyprus",2,NA,154.104347826087
"695","CY",2004,"Cyprus",2,NA,131.407079646018
"696","CY",2005,"Cyprus",2,NA,108.975609756098
"708","CZ",2002,"Czech Republic",1,5.78,81.6791576339424
"709","CZ",2003,"Czech Republic",1,NA,91.574309649395
"710","CZ",2004,"Czech Republic",1,NA,87.0080845771144
"711","CZ",2005,"Czech Republic",1,NA,89.5550015581178
"739","DE",2002,"Germany",3,4.43,220.074039521669
"740","DE",2003,"Germany",3,NA,219.698063752431
"741","DE",2004,"Germany",3,NA,215.125819465456
"742","DE",2005,"Germany",3,2.16,208.757056451613
"780","DK",2002,"Denmark",3,NA,97.5584358523726
"781","DK",2003,"Denmark",3,NA,136.40026478376
"782","DK",2004,"Denmark",3,NA,144.784486557955
"783","DK",2005,"Denmark",3,1.76,137.117066895369
"809","DO",2002,"Dominican Republic",4,4.99,75.9297235023041
"810","DO",2003,"Dominican Republic",4,NA,52.2426829268293
"811","DO",2004,"Dominican Republic",4,NA,59.1731707317073
"812","DO",2005,"Dominican Republic",4,NA,58.240243902439
"836","EC",2002,"Ecuador",2,NA,167.622058823529
"837","EC",2003,"Ecuador",2,NA,156.822170900693
"838","EC",2004,"Ecuador",2,NA,217.529365700861
"839","EC",2005,"Ecuador",2,NA,150.829475308642
"852","EE",2002,"Estonia",3,NA,44.0570962479609
"853","EE",2003,"Estonia",3,3.5,71.6495412844037
"854","EE",2004,"Estonia",3,NA,84.5212355212355
"855","EE",2005,"Estonia",3,NA,61.0338409475465
"874","EG",2002,"Egypt",2,NA,432.532697547684
"875","EG",2003,"Egypt",2,NA,627.750516173434
"876","EG",2004,"Egypt",2,NA,557.593929173693
"877","EG",2005,"Egypt",2,NA,672.883339836129
"903","ES",2002,"Spain",4,NA,164.451777829421
"904","ES",2003,"Spain",4,NA,175.270953368672
"905","ES",2004,"Spain",4,4.25,165.402610364683
"906","ES",2005,"Spain",4,NA,142.139549291412
"944","FI",2002,"Finland",1,NA,136.458181818182
"945","FI",2003,"Finland",3,3.16,118.589592760181
"946","FI",2004,"Finland",3,NA,132.847228481298
"947","FI",2005,"Finland",3,NA,134.307382550336
"998","FR",2002,"France",2,21.95,210.396227437802
"999","FR",2003,"France",2,NA,222.103039167886
"1000","FR",2004,"France",2,NA,211.039488651752
"1001","FR",2005,"France",2,NA,191.013663120376
"1034","GB",2002,"United Kingdom",3,NA,319.05012098168
"1035","GB",2003,"United Kingdom",3,NA,314.189786181304
"1036","GB",2004,"United Kingdom",3,NA,287.334593572779
"1037","GB",2005,"United Kingdom",3,16.73,272.82248210857
"1072","GH",2002,"Ghana",4,NA,3.74551542693136
"1073","GH",2003,"Ghana",4,NA,6.8389486260454
"1074","GH",2004,"Ghana",4,NA,13.2005
"1075","GH",2005,"Ghana",4,NA,5.99875
"1127","GR",2002,"Greece",1,NA,156.376886271623
"1128","GR",2003,"Greece",1,NA,216.014250614251
"1129","GR",2004,"Greece",1,NA,176.41764929631
"1130","GR",2005,"Greece",1,NA,183.423226433431
"1147","GT",2002,"Guatemala",2,NA,99.7901754385965
"1148","GT",2003,"Guatemala",2,9.95,91.671826625387
"1149","GT",2004,"Guatemala",2,NA,124.94625
"1150","GT",2005,"Guatemala",2,NA,141.690714285714
"1215","HN",2002,"Honduras",3,NA,31.9569288389513
"1216","HN",2003,"Honduras",3,NA,54.8970037453184
"1217","HN",2004,"Honduras",3,NA,134.966666666667
"1218","HN",2005,"Honduras",3,4.08,160.851428571429
"1232","HR",2002,"Croatia",1,NA,256.988344988345
"1233","HR",2003,"Croatia",1,9.6,292.802083333333
"1234","HR",2004,"Croatia",1,NA,312.584415584416
"1235","HR",2005,"Croatia",4,NA,294.508591065292
"1258","HU",2002,"Hungary",3,7.3,94.8762483716891
"1259","HU",2003,"Hungary",3,NA,95.4970633021536
"1260","HU",2004,"Hungary",3,NA,98.5210961287516
"1261","HU",2005,"Hungary",3,NA,85.1988698109107
"1280","ID",2002,"Indonesia",4,NA,123.959065783577
"1281","ID",2003,"Indonesia",4,NA,131.132152102116
"1282","ID",2004,"Indonesia",4,4.45,131.209397551285
"1283","ID",2005,"Indonesia",4,NA,150.54734347945
"1312","IE",2002,"Ireland",1,6.62,597.017841971113
"1313","IE",2003,"Ireland",1,NA,533.773265651438
"1314","IE",2004,"Ireland",1,NA,404.347717842324
"1315","IE",2005,"Ireland",1,NA,388.535472972973
"1345","IL",2002,"Israel",4,NA,251.862464183381
"1346","IL",2003,"Israel",4,2.53,282.934131736527
"1347","IL",2004,"Israel",4,NA,320.900321543408
"1348","IL",2005,"Israel",4,NA,292.604501607717
"1378","IN",2002,"India",4,NA,100.64145835157
"1379","IN",2003,"India",4,NA,105.133781628249
"1380","IN",2004,"India",4,4.53,115.438507369081
"1381","IN",2005,"India",4,NA,127.799746251876
"1419","IS",2002,"Iceland",3,NA,2686
"1420","IS",2003,"Iceland",3,1.85,2264.57142857143
"1421","IS",2004,"Iceland",3,NA,2541.71428571429
"1422","IS",2005,"Iceland",3,NA,2461.28571428571
"1450","IT",2002,"Italy",4,NA,171.121877639677
"1451","IT",2003,"Italy",4,NA,177.702475185325
"1452","IT",2004,"Italy",4,NA,181.418097505953
"1453","IT",2005,"Italy",4,NA,171.753084832905
"1484","JM",2002,"Jamaica",4,4.32,94.6740740740741
"1485","JM",2003,"Jamaica",4,NA,112.192592592593
"1486","JM",2004,"Jamaica",4,NA,123.947368421053
"1487","JM",2005,"Jamaica",4,NA,115.84375
"1506","JO",2002,"Jordan",4,NA,1590.45641025641
"1507","JO",2003,"Jordan",4,NA,916.141242937853
"1508","JO",2004,"Jordan",4,NA,476.531100478469
"1509","JO",2005,"Jordan",4,NA,784.016216216216
"1543","JP",2002,"Japan",3,NA,333.544467073999
"1544","JP",2003,"Japan",3,8.52,335.170798271549
"1545","JP",2004,"Japan",3,NA,353.683717743777
"1546","JP",2005,"Japan",3,15.63,347.969266055046
"1564","KE",2002,"Kenya",1,NA,27.313101551758
"1565","KE",2003,"Kenya",1,NA,33.0967741935484
"1566","KE",2004,"Kenya",1,NA,27.6808672499049
"1567","KE",2005,"Kenya",1,NA,34.3265577507599
"1617","KR",2002,"Korea",3,NA,412.127240143369
"1618","KR",2003,"Korea",3,NA,468.790235081374
"1619","KR",2004,"Korea",3,12.11,525.422867513612
"1620","KR",2005,"Korea",3,NA,643.357881923311
"1686","LK",2002,"Sri Lanka",4,NA,304.563034188034
"1687","LK",2003,"Sri Lanka",4,NA,259.184210526316
"1688","LK",2004,"Sri Lanka",4,2.8,287.01
"1689","LK",2005,"Sri Lanka",4,NA,255.291818181818
"1717","LT",2002,"Lithuania",4,NA,110.154972544234
"1718","LT",2003,"Lithuania",4,NA,147.384262295082
"1719","LT",2004,"Lithuania",4,5.03,173.803217821782
"1720","LT",2005,"Lithuania",4,NA,97.5897166841553
"1748","LU",2002,"Luxembourg",1,NA,581.145161290323
"1749","LU",2003,"Luxembourg",1,NA,267.467741935484
"1750","LU",2004,"Luxembourg",1,3.36,333.612903225806
"1751","LU",2005,"Luxembourg",1,NA,313.15
"1765","LV",2002,"Latvia",3,7.28,50.5950668036999
"1766","LV",2003,"Latvia",3,NA,49.4942528735632
"1767","LV",2004,"Latvia",3,NA,64.1288404360753
"1768","LV",2005,"Latvia",3,NA,68.040293040293
"1791","MA",2002,"Morocco",4,NA,65.5542727921923
"1792","MA",2003,"Morocco",4,NA,55.3112092766427
"1793","MA",2004,"Morocco",4,NA,48.9576126674787
"1794","MA",2005,"Morocco",4,NA,63.7872445210539
"1840","MK",2002,"Macedonia",4,9.06,30.8597194388778
"1841","MK",2003,"Macedonia",4,NA,32.8046709129512
"1842","MK",2004,"Macedonia",4,NA,53.4815618221258
"1843","MK",2005,"Macedonia",4,NA,62.0223214285714
"1900","MT",2002,"Malta",3,NA,103.222222222222
"1901","MT",2003,"Malta",3,1.81,97.3333333333333
"1902","MT",2004,"Malta",3,NA,130
"1903","MT",2005,"Malta",3,NA,108.25
"1937","MW",2002,"Malawi",1,NA,29.7136842105263
"1938","MW",2003,"Malawi",1,NA,32.7129824561404
"1939","MW",2004,"Malawi",1,NA,34.406
"1940","MW",2005,"Malawi",1,NA,32.5246666666667
"1957","MX",2002,"Mexico",3,NA,60.278764940239
"1958","MX",2003,"Mexico",3,4.47,62.9045019920319
"1959","MX",2004,"Mexico",3,NA,67.7109960159363
"1960","MX",2005,"Mexico",3,NA,73.79184
"1978","MY",2002,"Malaysia",2,NA,602.960555555556
"1979","MY",2003,"Malaysia",2,NA,660.687777777778
"1980","MY",2004,"Malaysia",2,NA,830.182777777778
"1981","MY",2005,"Malaysia",2,NA,775.313888888889
"2018","NG",2002,"Nigeria",4,NA,4.8119375
"2019","NG",2003,"Nigeria",4,NA,6.71671875
"2020","NG",2004,"Nigeria",4,NA,4.82057575757576
"2021","NG",2005,"Nigeria",4,NA,7.40297142857143
"2038","NI",2002,"Nicaragua",3,NA,28.4085
"2039","NI",2003,"Nicaragua",3,NA,31.8956097560976
"2040","NI",2004,"Nicaragua",3,NA,32.8910485933504
"2041","NI",2005,"Nicaragua",3,NA,27.4278048780488
"2072","NL",2002,"Netherlands",2,0.88,428.823144104803
"2073","NL",2003,"Netherlands",2,1.05,438.291390728477
"2074","NL",2004,"Netherlands",2,NA,357.472049689441
"2075","NL",2005,"Netherlands",2,NA,337.806480648065
"2103","NO",2002,"Norway",2,NA,205.579726651481
"2104","NO",2003,"Norway",3,NA,213.507462686567
"2105","NO",2004,"Norway",3,NA,215.230149597238
"2106","NO",2005,"Norway",3,2.67,218.865429234339
"2143","NZ",2002,"New Zealand",4,2.37,1836.39075630252
"2144","NZ",2003,"New Zealand",4,NA,2279.08192771084
"2145","NZ",2004,"New Zealand",4,NA,1760.64761904762
"2146","NZ",2005,"New Zealand",4,1.13,2718.68705882353
"2168","OM",2002,"Oman",4,NA,382.935483870968
"2169","OM",2003,"Oman",4,NA,391.903225806452
"2170","OM",2004,"Oman",4,NA,472.413793103448
"2171","OM",2005,"Oman",4,NA,1365.82142857143
"2194","PE",2002,"Peru",2,NA,83.9865753424658
"2195","PE",2003,"Peru",2,NA,86.4695890410959
"2196","PE",2004,"Peru",2,NA,91.6422222222222
"2197","PE",2005,"Peru",2,NA,82.606301369863
"2227","PH",2002,"Philippines",4,NA,146.361094224924
"2228","PH",2003,"Philippines",4,NA,175.236734693878
"2229","PH",2004,"Philippines",4,NA,163.682
"2230","PH",2005,"Philippines",4,NA,152.3076
"2247","PL",2002,"Poland",4,NA,116.19523443505
"2248","PL",2003,"Poland",4,NA,128.871057440216
"2249","PL",2004,"Poland",4,NA,129.13560666138
"2250","PL",2005,"Poland",4,6.67,161.938884770612
"2282","PT",2002,"Portugal",4,4.64,194.157142857143
"2283","PT",2003,"Portugal",4,NA,176.840834964123
"2284","PT",2004,"Portugal",4,NA,208.314899154197
"2285","PT",2005,"Portugal",4,5.75,209.744057052298
"2363","SA",2002,"Saudi Arabia",1,NA,56.4797222222222
"2364","SA",2003,"Saudi Arabia",4,NA,119.181666666667
"2365","SA",2004,"Saudi Arabia",4,NA,104.991428571429
"2366","SA",2005,"Saudi Arabia",4,NA,93.9028571428571
"2408","SE",2002,"Sweden",3,1.52,99.8879342547628
"2409","SE",2003,"Sweden",3,NA,98.2370592648162
"2410","SE",2004,"Sweden",3,NA,97.8539156626506
"2411","SE",2005,"Sweden",3,NA,87.8990348923534
"2429","SG",2002,"Singapore",1,NA,1830
"2444","SI",2002,"Slovenia",4,NA,403.47619047619
"2445","SI",2003,"Slovenia",4,NA,400.28901734104
"2446","SI",2004,"Slovenia",4,4.79,358.698863636364
"2447","SI",2005,"Slovenia",4,NA,329.551136363636
"2462","SK",2002,"Slovak Republic",4,6.97,83.1063829787234
"2463","SK",2003,"Slovak Republic",4,NA,78.9483368719037
"2464","SK",2004,"Slovak Republic",4,NA,83.6669059583632
"2465","SK",2005,"Slovak Republic",4,NA,80.5039539899353
"2543","SV",2002,"El Salvador",2,NA,71.6405797101449
"2544","SV",2003,"El Salvador",2,5.39,78.1864904552129
"2545","SV",2004,"El Salvador",2,NA,86.6974063400576
"2546","SV",2005,"El Salvador",2,NA,130.60113960114
"2590","TH",2002,"Thailand",4,NA,110.522516082916
"2591","TH",2003,"Thailand",4,NA,149.180394736842
"2592","TH",2004,"Thailand",4,NA,131.695263157895
"2593","TH",2005,"Thailand",4,NA,112.726907894737
"2635","TR",2002,"Turkey",2,26.4,72.7959489872468
"2636","TR",2003,"Turkey",2,NA,84.2946688345028
"2637","TR",2004,"Turkey",2,NA,85.6275396925139
"2638","TR",2005,"Turkey",2,NA,86.7593369702056
"2712","UG",2002,"Uganda",4,NA,1.33267857142857
"2713","UG",2003,"Uganda",4,NA,1.59504273504274
"2714","UG",2004,"Uganda",4,NA,1.47193277310924
"2715","UG",2005,"Uganda",4,NA,0.967394957983193
"2753","US",2002,"United States",4,2,112.517271082283
"2754","US",2003,"United States",4,NA,119.560809629794
"2755","US",2004,"United States",4,2.99,122.670840915621
"2756","US",2005,"United States",4,NA,118.599763800987
"2828","VN",2002,"Vietnam",4,NA,304.963939393939
"2829","VN",2003,"Vietnam",4,NA,342.302689560857
"2830","VN",2004,"Vietnam",4,NA,403.938321224301
"2831","VN",2005,"Vietnam",4,NA,292.26533501101
"2928","ZA",2002,"South Africa",4,NA,56.8363722632685
"2929","ZA",2003,"South Africa",4,NA,50.8398969701078
"2930","ZA",2004,"South Africa",4,0.26,54.5459183673469
"2931","ZA",2005,"South Africa",4,NA,42.4208163265306
"2963","ZM",2002,"Zambia",4,NA,26.074748257165
"2964","ZM",2003,"Zambia",4,NA,26.1729297146834
"2965","ZM",2004,"Zambia",4,NA,29.9046121593291
"2966","ZM",2005,"Zambia",4,NA,27.983865053172
